UserName,ModuleID
RizRash,203
RizRash,101
JunHue,202
GreOwl,201
JunHue,101
JunHue,103
AmiHop,303
AdaMoh,203
ZaiJil,301
AmiHop,201
RizRash,302
BobAli,101
JunHue,303
GreOwl,203
AmiHop,102
EmiCar,202
SamSen,303
CriSte,103
BobAli,303
EmiCar,204
RobFra,101
SamSen,204
AmiHop,103
RobFra,203
BobAli,302
CriSte,301
AmbAsi,101
SamSen,101
RobFra,301
EmiCar,103
BobAli,102
AmbAsi,202
CriSte,203
AmbAsi,204
CraFer,101
SamSen,102
ZaiJil,101
EmiCar,302
CraFer,203
BenSmi,204
AmbAsi,201
CraFer,201
AmbAsi,102
RobFra,303
CraFer,301
BenSmi,101
HanPao,202
CriSte,201
SamSen,302
GreOwl,103
CraFer,303
FraSmi,202
RobFra,302
AmbAsi,103
CriSte,101
BabAsl,204
SamSen,103
CraFer,302
HanPao,204
HanPao,102
ZaiJil,302
GreOwl,302
ZaiJil,303
ZaiJil,301
